bmi,country,year
0,21.48678,Afghanistan,Y1980
1,25.22533,Albania,Y1980
2,21.46552,Afghanistan,Y1981
3,25.23981,Albania,Y1981